paper_id	conf_id
104141231	1195049314
1165823106	1195049314
123037820	1195049314
1239974197	1195049314
127599790	1195049314
129479801	1195049314
134934531	1195049314
13880341	1195049314
1483971465	1195049314
1489049736	1195049314
1489768987	1195049314
150511270	1195049314
1507889146	1195049314
1509314188	1195049314
1516704311	1195049314
1526508319	1195049314
1531620596	1195049314
1532369227	1195049314
1532431353	1195049314
154125449	1195049314
1546946424	1195049314
155043168	1195049314
1573845841	1195049314
1577401872	1195049314
158911963	1195049314
1595891490	1195049314
160108313	1195049314
1606600450	1195049314
1643739914	1195049314
1674092947	1195049314
169862718	1195049314
16995082	1195049314
1710653724	1195049314
1741207179	1195049314
1750583979	1195049314
1771814092	1195049314
1795341186	1195049314
1797935452	1195049314
1818399949	1195049314
1820635546	1195049314
1822534520	1195049314
1851557440	1195049314
190140147	1195049314
1924480381	1195049314
1929054994	1195049314
1932433406	1195049314
1933269230	1195049314
1949232578	1195049314
1963796315	1195049314
1963868955	1195049314
1963885459	1195049314
1963947067	1195049314
1964102455	1195049314
1964108021	1195049314
1964142081	1195049314
1964487074	1195049314
1964492603	1195049314
1964558458	1195049314
1964641564	1195049314
1964831508	1195049314
1964889320	1195049314
1964943134	1195049314
1965115311	1195049314
1965374734	1195049314
1965389729	1195049314
1965450400	1195049314
1965484706	1195049314
1965561489	1195049314
1965779990	1195049314
1965904009	1195049314
1966081597	1195049314
1966103652	1195049314
1966104470	1195049314
1966208549	1195049314
1966417345	1195049314
1966435515	1195049314
1966852018	1195049314
1967028800	1195049314
1967042038	1195049314
1967164904	1195049314
1967265071	1195049314
1967483856	1195049314
1967522049	1195049314
1967776900	1195049314
1968064228	1195049314
1968273235	1195049314
1968309743	1195049314
1968423587	1195049314
1968506297	1195049314
1968513469	1195049314
1968551343	1195049314
1968755386	1195049314
1968794558	1195049314
1968809565	1195049314
1969052573	1195049314
1969088462	1195049314
1969277770	1195049314
1969287811	1195049314
1969433651	1195049314
1969439151	1195049314
1969688826	1195049314
1969830854	1195049314
1969862674	1195049314
1969903632	1195049314
1970002980	1195049314
1970022914	1195049314
1970110819	1195049314
1970261132	1195049314
1970439492	1195049314
1970502174	1195049314
1970566030	1195049314
1970599816	1195049314
1970768240	1195049314
1970924458	1195049314
1970989086	1195049314
1971100852	1195049314
1971198197	1195049314
1971348553	1195049314
1971382282	1195049314
1971553215	1195049314
1971578604	1195049314
1971842265	1195049314
1971894322	1195049314
1972086184	1195049314
1972142468	1195049314
1972215950	1195049314
1972229318	1195049314
1972666063	1195049314
1972697014	1195049314
1972868357	1195049314
1972874214	1195049314
1972924609	1195049314
1972929146	1195049314
1973085417	1195049314
1973130006	1195049314
1973263916	1195049314
1973287123	1195049314
1973304785	1195049314
1973447178	1195049314
1973491470	1195049314
1973551833	1195049314
1973905217	1195049314
1974076088	1195049314
1974172447	1195049314
1974356113	1195049314
1974365149	1195049314
1974756000	1195049314
1974881102	1195049314
1974969414	1195049314
1975094859	1195049314
1975257416	1195049314
1975310639	1195049314
1975573541	1195049314
1975703212	1195049314
1975764828	1195049314
1975782063	1195049314
1975912940	1195049314
1976047113	1195049314
1976069032	1195049314
1976250043	1195049314
1976281637	1195049314
1976288485	1195049314
1976415944	1195049314
1976426554	1195049314
1976481168	1195049314
1976490692	1195049314
1976557352	1195049314
1976714590	1195049314
1976822601	1195049314
1976890371	1195049314
1976991136	1195049314
1977002531	1195049314
1977025605	1195049314
1977128447	1195049314
1977162763	1195049314
1977269531	1195049314
1977365870	1195049314
1977381223	1195049314
1977450543	1195049314
1977665993	1195049314
1977678635	1195049314
1977963381	1195049314
1978011634	1195049314
1978105543	1195049314
1978210790	1195049314
1978271023	1195049314
1978300749	1195049314
1978409809	1195049314
1978439400	1195049314
1978455057	1195049314
1978483322	1195049314
1978642329	1195049314
1978657678	1195049314
1978679019	1195049314
1978752833	1195049314
1979048291	1195049314
1979084209	1195049314
1979250319	1195049314
1979296086	1195049314
1979360141	1195049314
1979504158	1195049314
1979588704	1195049314
1979725670	1195049314
1979844419	1195049314
1979859769	1195049314
1979893998	1195049314
1979973343	1195049314
1980084718	1195049314
1980220008	1195049314
1980368190	1195049314
1980369938	1195049314
1980417520	1195049314
1980439768	1195049314
1980580900	1195049314
1980661899	1195049314
1980697529	1195049314
1980749785	1195049314
1980869685	1195049314
1980906023	1195049314
1980926885	1195049314
1980928476	1195049314
1980938766	1195049314
1980988244	1195049314
1980999716	1195049314
1981085827	1195049314
1981092082	1195049314
1981094604	1195049314
1981216789	1195049314
1981216790	1195049314
1981516404	1195049314
1981519260	1195049314
1982012743	1195049314
1982021878	1195049314
1982022936	1195049314
1982024678	1195049314
1982039815	1195049314
1982052445	1195049314
1982077903	1195049314
1982157516	1195049314
1982322566	1195049314
1982369835	1195049314
1982371897	1195049314
1982401924	1195049314
1982420091	1195049314
1982559457	1195049314
1982652748	1195049314
1982759407	1195049314
1982893183	1195049314
1983005620	1195049314
1983011933	1195049314
1983042613	1195049314
1983384012	1195049314
1983428953	1195049314
1983526537	1195049314
1983597953	1195049314
1983634412	1195049314
1983660339	1195049314
1983688148	1195049314
1983701812	1195049314
1983737815	1195049314
1983760068	1195049314
1983786333	1195049314
1983818780	1195049314
1983834047	1195049314
1983839422	1195049314
1983891247	1195049314
1983903351	1195049314
1983908694	1195049314
1983965875	1195049314
1984046454	1195049314
1984238806	1195049314
1984427702	1195049314
1984471558	1195049314
1984823826	1195049314
1984870176	1195049314
1984926644	1195049314
1985095406	1195049314
1985222502	1195049314
1985317551	1195049314
1985441483	1195049314
1985447293	1195049314
1985698671	1195049314
1985845900	1195049314
1985921832	1195049314
1985951356	1195049314
1985959794	1195049314
1985980596	1195049314
1985982126	1195049314
1986006959	1195049314
1986138584	1195049314
1986355004	1195049314
1986477064	1195049314
1986555953	1195049314
1986646134	1195049314
1986675337	1195049314
1986677223	1195049314
1986716990	1195049314
1986725790	1195049314
1986807205	1195049314
1986814607	1195049314
1986914260	1195049314
1986951611	1195049314
1986984530	1195049314
1987009566	1195049314
1987034343	1195049314
1987052816	1195049314
1987076037	1195049314
1987146106	1195049314
1987164148	1195049314
1987208370	1195049314
1987329104	1195049314
1987421874	1195049314
1987583764	1195049314
1987876819	1195049314
1987894869	1195049314
1987957842	1195049314
1987983884	1195049314
1988080746	1195049314
1988159387	1195049314
1988183984	1195049314
1988191621	1195049314
1988286798	1195049314
1988301248	1195049314
1988455256	1195049314
1988565388	1195049314
1988788350	1195049314
1988816896	1195049314
1988830510	1195049314
1988973223	1195049314
1988981622	1195049314
1988987301	1195049314
1989044400	1195049314
1989304522	1195049314
1989340744	1195049314
1989389151	1195049314
1989402761	1195049314
1989408235	1195049314
1989723563	1195049314
1990118459	1195049314
1990141151	1195049314
1990154887	1195049314
1990441979	1195049314
1990522214	1195049314
1990691752	1195049314
1990702075	1195049314
1990716158	1195049314
1990726024	1195049314
1990786726	1195049314
1990831689	1195049314
1990893254	1195049314
1991043863	1195049314
1991083901	1195049314
1991151965	1195049314
1991158085	1195049314
1991257931	1195049314
1991351467	1195049314
1991378280	1195049314
1991462227	1195049314
1991479515	1195049314
1991548758	1195049314
1991606755	1195049314
1991652169	1195049314
1991756463	1195049314
1991765185	1195049314
1991981914	1195049314
1992063975	1195049314
1992070946	1195049314
1992167748	1195049314
1992284849	1195049314
1992297801	1195049314
1992751369	1195049314
1992884364	1195049314
1992972722	1195049314
1993088274	1195049314
1993142747	1195049314
1993157321	1195049314
1993326906	1195049314
1993404130	1195049314
1993404314	1195049314
1993552253	1195049314
1993621687	1195049314
1993731683	1195049314
1993737014	1195049314
1993896529	1195049314
1993916866	1195049314
1993934915	1195049314
1994040281	1195049314
1994265910	1195049314
1994322930	1195049314
1994501261	1195049314
1994626732	1195049314
1994718521	1195049314
1994818145	1195049314
1995423992	1195049314
1995430643	1195049314
1995436521	1195049314
1995667766	1195049314
1995943332	1195049314
1996031547	1195049314
1996111745	1195049314
1996139460	1195049314
1996205214	1195049314
1996233601	1195049314
1996298400	1195049314
1996383616	1195049314
1996434443	1195049314
1996459090	1195049314
1996507914	1195049314
1996639218	1195049314
1996768886	1195049314
1996803323	1195049314
1996958808	1195049314
1997185549	1195049314
1997504572	1195049314
1997520846	1195049314
1997762928	1195049314
1997774614	1195049314
1997879853	1195049314
1997922094	1195049314
1998002546	1195049314
1998235746	1195049314
1998240843	1195049314
1998330897	1195049314
1998392927	1195049314
1998474162	1195049314
1998550411	1195049314
1998558809	1195049314
1998612467	1195049314
1998687459	1195049314
1998695412	1195049314
1998797660	1195049314
1998828160	1195049314
1999096178	1195049314
1999098255	1195049314
1999198315	1195049314
1999264801	1195049314
1999393098	1195049314
1999505778	1195049314
1999606461	1195049314
1999827585	1195049314
1999839388	1195049314
1999896809	1195049314
1999940612	1195049314
2000065210	1195049314
2000099824	1195049314
2000174542	1195049314
2000184551	1195049314
2000254174	1195049314
2000471690	1195049314
2000499889	1195049314
2000513793	1195049314
2000599244	1195049314
2000680432	1195049314
2000696692	1195049314
2001083513	1195049314
2001117232	1195049314
2001295625	1195049314
2001407834	1195049314
2001547535	1195049314
2001604234	1195049314
2001686210	1195049314
2001721993	1195049314
2001799384	1195049314
2002004227	1195049314
2002082198	1195049314
2002150041	1195049314
2002310358	1195049314
2002318676	1195049314
2002357486	1195049314
2002368823	1195049314
2002480507	1195049314
2002519561	1195049314
2002532532	1195049314
2002602161	1195049314
2002686134	1195049314
2002752983	1195049314
2002833612	1195049314
2002982773	1195049314
2003027874	1195049314
2003084613	1195049314
2003166570	1195049314
2003205661	1195049314
2003248658	1195049314
2003278454	1195049314
2003439314	1195049314
2003526736	1195049314
2003540791	1195049314
2003604518	1195049314
2003614598	1195049314
2003998011	1195049314
2004044491	1195049314
2004120230	1195049314
2004152072	1195049314
2004184082	1195049314
2004200997	1195049314
2004316533	1195049314
2004361246	1195049314
2004442325	1195049314
2004572042	1195049314
2004656174	1195049314
2004657103	1195049314
2004786236	1195049314
2004859406	1195049314
2004860851	1195049314
2004929580	1195049314
2004942240	1195049314
2004985500	1195049314
2005026370	1195049314
2005097215	1195049314
2005312694	1195049314
2005502696	1195049314
2005536909	1195049314
2005689879	1195049314
2005840156	1195049314
2005846760	1195049314
2005875092	1195049314
2006003280	1195049314
2006104344	1195049314
2006140254	1195049314
2006204969	1195049314
2006214577	1195049314
2006302291	1195049314
2006302381	1195049314
2006328814	1195049314
2006404730	1195049314
2006451205	1195049314
2006526152	1195049314
2006636777	1195049314
2006695086	1195049314
2006759927	1195049314
2006899381	1195049314
2006913736	1195049314
2006991798	1195049314
2007018772	1195049314
2007027431	1195049314
2007046992	1195049314
2007175036	1195049314
2007379715	1195049314
2007406573	1195049314
2007473529	1195049314
2007618925	1195049314
2007636657	1195049314
2007781964	1195049314
2008132419	1195049314
2008222356	1195049314
2008336726	1195049314
2008340198	1195049314
2008374540	1195049314
2008551947	1195049314
2008652612	1195049314
2008832564	1195049314
2008868103	1195049314
2008921079	1195049314
2008966835	1195049314
2009015969	1195049314
2009078344	1195049314
2009234183	1195049314
2009260987	1195049314
2009426631	1195049314
2009591084	1195049314
2009603815	1195049314
2009641845	1195049314
2009654672	1195049314
2009681737	1195049314
2009685682	1195049314
2009686152	1195049314
2009706443	1195049314
2009714332	1195049314
2009794450	1195049314
2009854288	1195049314
2009912207	1195049314
2009986579	1195049314
2010074935	1195049314
2010248352	1195049314
2010356542	1195049314
2010383909	1195049314
2010405649	1195049314
2010456733	1195049314
2010518929	1195049314
2010547482	1195049314
2010667392	1195049314
2010758924	1195049314
2010811383	1195049314
2010851158	1195049314
2010996101	1195049314
2011116399	1195049314
2011262536	1195049314
2011268096	1195049314
2011346954	1195049314
2011436916	1195049314
2011983247	1195049314
2012109234	1195049314
2012116935	1195049314
2012139820	1195049314
2012150241	1195049314
2012285009	1195049314
2012292033	1195049314
2012370087	1195049314
2012417801	1195049314
2012428454	1195049314
2012942219	1195049314
2012961939	1195049314
2012988259	1195049314
2013058348	1195049314
2013112148	1195049314
2013231364	1195049314
2013331186	1195049314
2013392359	1195049314
2013398396	1195049314
2013419083	1195049314
2013445160	1195049314
2013475170	1195049314
2013476151	1195049314
2013670147	1195049314
2013765575	1195049314
2013860076	1195049314
2013861431	1195049314
2013924226	1195049314
2014055346	1195049314
2014262988	1195049314
2014347054	1195049314
2014383590	1195049314
2014558100	1195049314
2014615561	1195049314
2014855614	1195049314
2014948388	1195049314
2015206200	1195049314
2015275307	1195049314
2015369568	1195049314
2015383517	1195049314
2015539748	1195049314
2015581928	1195049314
2015714138	1195049314
2016024833	1195049314
2016062763	1195049314
2016073784	1195049314
2016110579	1195049314
2016215153	1195049314
2016256463	1195049314
2016287802	1195049314
2016301566	1195049314
2016380630	1195049314
2016531404	1195049314
2016621590	1195049314
2016827679	1195049314
2016868797	1195049314
2016904807	1195049314
2016979009	1195049314
2017493921	1195049314
2017540349	1195049314
2017690321	1195049314
2017748193	1195049314
2017802096	1195049314
2018005005	1195049314
2018009362	1195049314
2018013541	1195049314
2018082850	1195049314
2018177484	1195049314
2018241472	1195049314
2018412646	1195049314
2018589145	1195049314
2018590995	1195049314
2018627356	1195049314
2018643010	1195049314
2018643044	1195049314
2019069807	1195049314
2019280873	1195049314
2019502441	1195049314
2019801597	1195049314
2019891366	1195049314
2019899020	1195049314
2019909604	1195049314
2019992543	1195049314
2020008744	1195049314
2020133276	1195049314
2020253698	1195049314
2020284587	1195049314
2020345667	1195049314
2020471554	1195049314
2020487673	1195049314
2020516462	1195049314
2020605585	1195049314
2020626617	1195049314
2020830319	1195049314
2020836821	1195049314
2020856277	1195049314
2021039654	1195049314
2021090446	1195049314
2021370805	1195049314
2021475164	1195049314
2021487902	1195049314
2021491737	1195049314
2021493990	1195049314
2021520819	1195049314
2021550397	1195049314
2021584040	1195049314
2021700633	1195049314
2021759878	1195049314
2021831768	1195049314
2021843308	1195049314
2021856465	1195049314
2022075780	1195049314
2022151796	1195049314
2022230978	1195049314
2022266816	1195049314
2022597823	1195049314
2022611265	1195049314
2022648335	1195049314
2022957055	1195049314
2022997078	1195049314
2023085490	1195049314
2023088463	1195049314
2023247653	1195049314
2023258830	1195049314
2023275508	1195049314
2023330129	1195049314
2023393981	1195049314
2023406890	1195049314
2023486517	1195049314
2023634179	1195049314
2023645166	1195049314
2023794141	1195049314
2023874001	1195049314
2023966303	1195049314
2024020010	1195049314
2024201544	1195049314
2024462657	1195049314
2024503470	1195049314
2024545195	1195049314
2024569042	1195049314
2024606332	1195049314
2024653264	1195049314
2024661959	1195049314
2024736399	1195049314
2024825787	1195049314
2025118042	1195049314
2025237127	1195049314
2025251681	1195049314
2025381393	1195049314
2025388029	1195049314
2025441910	1195049314
2025467204	1195049314
2025529745	1195049314
2025547449	1195049314
2025719236	1195049314
2025745524	1195049314
2025789831	1195049314
2025833698	1195049314
2025840875	1195049314
2025924623	1195049314
2026023693	1195049314
2026146011	1195049314
2026155058	1195049314
2026290661	1195049314
2026339300	1195049314
2026378728	1195049314
2026601279	1195049314
2026604770	1195049314
2026647842	1195049314
2026754300	1195049314
2026770697	1195049314
2026897296	1195049314
2027258588	1195049314
2027260883	1195049314
2027261940	1195049314
2027386520	1195049314
2027400672	1195049314
2027636661	1195049314
2027673271	1195049314
2027743385	1195049314
2027859517	1195049314
2028036481	1195049314
2028107151	1195049314
2028116556	1195049314
2028264174	1195049314
2028270840	1195049314
2028405130	1195049314
2028510798	1195049314
2028600972	1195049314
2028707073	1195049314
2028855224	1195049314
2028945165	1195049314
2029058589	1195049314
2029253040	1195049314
2029449175	1195049314
2029536366	1195049314
2029544898	1195049314
2029635371	1195049314
2029697730	1195049314
2029727236	1195049314
2029747351	1195049314
2029817768	1195049314
2029831384	1195049314
2029854943	1195049314
2029922551	1195049314
2029927061	1195049314
2030015411	1195049314
2030174748	1195049314
2030197325	1195049314
2030209391	1195049314
2030253486	1195049314
2030275641	1195049314
2030306398	1195049314
2030389476	1195049314
2030445730	1195049314
2030456950	1195049314
2030515670	1195049314
2030567247	1195049314
2030600195	1195049314
2030670633	1195049314
2030709843	1195049314
2030717901	1195049314
2030722590	1195049314
2030753928	1195049314
2031332900	1195049314
2031579732	1195049314
2031707532	1195049314
2031730643	1195049314
2031814589	1195049314
2031887620	1195049314
2031913976	1195049314
2031923933	1195049314
2032014564	1195049314
2032107533	1195049314
2032114475	1195049314
2032196771	1195049314
2032366557	1195049314
2032369491	1195049314
2032473705	1195049314
2032478298	1195049314
2032503794	1195049314
2032580974	1195049314
2032695641	1195049314
2032772443	1195049314
2032819474	1195049314
2032843080	1195049314
2032844189	1195049314
2033015615	1195049314
2033026902	1195049314
2033098412	1195049314
2033102914	1195049314
2033141621	1195049314
2033157333	1195049314
2033165038	1195049314
2033224063	1195049314
2033327589	1195049314
2033423381	1195049314
2033474395	1195049314
2033523551	1195049314
2033529282	1195049314
2033543523	1195049314
203361130	1195049314
2034070579	1195049314
2034078512	1195049314
2034079881	1195049314
2034099084	1195049314
2034285448	1195049314
2034351017	1195049314
2034399621	1195049314
2034442239	1195049314
2034611337	1195049314
2034611986	1195049314
2034636319	1195049314
2034773766	1195049314
2034781998	1195049314
2034888853	1195049314
2034921760	1195049314
2034924254	1195049314
2035164862	1195049314
2035248116	1195049314
2035431133	1195049314
2035586988	1195049314
2035762444	1195049314
2035846131	1195049314
2035874553	1195049314
2035904830	1195049314
2035949124	1195049314
2035991394	1195049314
2036138118	1195049314
2036592671	1195049314
2036646268	1195049314
2036647808	1195049314
2036743723	1195049314
2036925928	1195049314
2037130528	1195049314
2037218459	1195049314
2037297037	1195049314
2037351647	1195049314
2037384983	1195049314
2037410721	1195049314
2037584589	1195049314
2037715679	1195049314
2037775902	1195049314
2037812148	1195049314
2037916361	1195049314
2037954198	1195049314
2038214251	1195049314
2038231776	1195049314
2038289894	1195049314
2038399323	1195049314
2038463256	1195049314
2038466413	1195049314
2038483591	1195049314
2038484665	1195049314
2038533393	1195049314
2038747510	1195049314
2038780210	1195049314
2038907063	1195049314
2038946595	1195049314
2039011351	1195049314
2039042410	1195049314
2039134362	1195049314
2039156143	1195049314
2039225632	1195049314
2039335647	1195049314
2039341701	1195049314
2039418486	1195049314
2039451094	1195049314
2039511893	1195049314
2039519155	1195049314
2039535652	1195049314
2039569712	1195049314
2039688578	1195049314
2039932622	1195049314
2040155823	1195049314
2040215936	1195049314
2040544764	1195049314
2040959097	1195049314
2040964805	1195049314
2041003138	1195049314
2041063178	1195049314
2041119948	1195049314
2041153019	1195049314
2041268336	1195049314
2041322477	1195049314
2041406299	1195049314
2041593403	1195049314
2041793205	1195049314
2041830314	1195049314
2041868141	1195049314
2041934706	1195049314
2041961055	1195049314
2042007108	1195049314
2042221452	1195049314
2042304183	1195049314
2042507652	1195049314
2042533665	1195049314
2042592024	1195049314
2042631091	1195049314
2042763434	1195049314
2042937378	1195049314
2042972102	1195049314
2042976082	1195049314
2043040431	1195049314
2043123402	1195049314
2043173127	1195049314
2043297748	1195049314
2043369601	1195049314
2043452331	1195049314
2043563029	1195049314
2043610135	1195049314
2043663750	1195049314
2043671599	1195049314
2043931920	1195049314
2043985002	1195049314
2044007092	1195049314
2044142293	1195049314
2044410217	1195049314
2044502886	1195049314
2044536393	1195049314
2044709861	1195049314
2044734316	1195049314
2044895035	1195049314
2045020824	1195049314
2045035945	1195049314
2045053331	1195049314
2045062362	1195049314
2045105942	1195049314
2045308872	1195049314
2045384056	1195049314
2045403175	1195049314
2045500807	1195049314
2045522293	1195049314
2045705790	1195049314
2045856702	1195049314
2045861306	1195049314
2045943753	1195049314
2046057772	1195049314
2046472435	1195049314
2046775346	1195049314
2046788055	1195049314
2046880214	1195049314
2046905440	1195049314
2046921744	1195049314
2046967429	1195049314
2046984974	1195049314
2047004846	1195049314
2047027925	1195049314
2047063517	1195049314
2047243819	1195049314
2047339118	1195049314
2047563237	1195049314
2047776187	1195049314
2047793536	1195049314
2047849570	1195049314
2047897802	1195049314
2047908882	1195049314
2048009484	1195049314
2048045278	1195049314
2048089261	1195049314
2048367809	1195049314
2048369645	1195049314
2048422007	1195049314
2048481260	1195049314
2048500554	1195049314
2048522354	1195049314
2048655523	1195049314
2048764530	1195049314
2048820709	1195049314
2048822325	1195049314
2048850928	1195049314
2048909496	1195049314
2049009705	1195049314
2049153903	1195049314
2049214556	1195049314
2049230418	1195049314
2049239632	1195049314
2049262957	1195049314
2049284077	1195049314
2049361553	1195049314
2049397729	1195049314
2049433633	1195049314
2049774111	1195049314
2049795090	1195049314
2049880512	1195049314
2049963752	1195049314
2050179696	1195049314
2050237388	1195049314
2050361346	1195049314
2050380947	1195049314
2050391252	1195049314
2050491563	1195049314
2050515950	1195049314
2050666260	1195049314
2050719486	1195049314
2050860370	1195049314
2050969782	1195049314
2051000932	1195049314
2051028860	1195049314
2051084800	1195049314
2051328634	1195049314
2051356198	1195049314
2051392755	1195049314
2051421869	1195049314
2051484905	1195049314
2051566254	1195049314
2051657994	1195049314
2051814075	1195049314
2051851326	1195049314
2051965874	1195049314
2052097906	1195049314
2052111838	1195049314
2052134729	1195049314
2052292745	1195049314
2052384053	1195049314
2052395215	1195049314
2052534245	1195049314
2052538330	1195049314
205257710	1195049314
2052676284	1195049314
2052742498	1195049314
2053278592	1195049314
2053352678	1195049314
2053371265	1195049314
2053549457	1195049314
2053665567	1195049314
2053702601	1195049314
2053732991	1195049314
2053743985	1195049314
2053768122	1195049314
2053772878	1195049314
2053793857	1195049314
2053953158	1195049314
2054001251	1195049314
2054149722	1195049314
2054157624	1195049314
2054164280	1195049314
2054287974	1195049314
2054463804	1195049314
2054628911	1195049314
2054639944	1195049314
2054841311	1195049314
2054874622	1195049314
2054886030	1195049314
2054890306	1195049314
2054905779	1195049314
2054932540	1195049314
2054953618	1195049314
2054957928	1195049314
2054981998	1195049314
2055058286	1195049314
2055221909	1195049314
2055282121	1195049314
2055361547	1195049314
2055592820	1195049314
2055860749	1195049314
2055897467	1195049314
2055970745	1195049314
2056111993	1195049314
2056121478	1195049314
2056284671	1195049314
2056441684	1195049314
2056472456	1195049314
2056546767	1195049314
2056593856	1195049314
2056621985	1195049314
2056759733	1195049314
2056821346	1195049314
2056834042	1195049314
2056959342	1195049314
2057102138	1195049314
2057341625	1195049314
2057366964	1195049314
2057400909	1195049314
2057541347	1195049314
2057919409	1195049314
2057980037	1195049314
2058028204	1195049314
2058047219	1195049314
2058049109	1195049314
2058063325	1195049314
2058435080	1195049314
2058472657	1195049314
2058511334	1195049314
2058744412	1195049314
2058793301	1195049314
2058847194	1195049314
2058892825	1195049314
2058905599	1195049314
2058914295	1195049314
2058964540	1195049314
2059003677	1195049314
2059084114	1195049314
2059314918	1195049314
2059432062	1195049314
2059432328	1195049314
2059497056	1195049314
2059574400	1195049314
2059641808	1195049314
2059668724	1195049314
2059677423	1195049314
2059771511	1195049314
2059803417	1195049314
2059807746	1195049314
2059852164	1195049314
2059898120	1195049314
2059951340	1195049314
2060013838	1195049314
2060066557	1195049314
2060123462	1195049314
2060127395	1195049314
2060207490	1195049314
2060214966	1195049314
2060263800	1195049314
2060335983	1195049314
2060476262	1195049314
2060756820	1195049314
2060906881	1195049314
2060924378	1195049314
2060973215	1195049314
2061012244	1195049314
2061174875	1195049314
2061511116	1195049314
2061610011	1195049314
2061912063	1195049314
2062050646	1195049314
2062077124	1195049314
2062172948	1195049314
2062190798	1195049314
2062214394	1195049314
2062316448	1195049314
2062349068	1195049314
2062353626	1195049314
2062365684	1195049314
2062513582	1195049314
2062600914	1195049314
2062620634	1195049314
2062670125	1195049314
2062765411	1195049314
2062779782	1195049314
2062883440	1195049314
2062890819	1195049314
2062902833	1195049314
2062903461	1195049314
2062913809	1195049314
2063091308	1195049314
2063164319	1195049314
2063185719	1195049314
2063232161	1195049314
2063233620	1195049314
2063348869	1195049314
2063545332	1195049314
2063699886	1195049314
2063831431	1195049314
2063881059	1195049314
2063888867	1195049314
2063991286	1195049314
2064054441	1195049314
2064267214	1195049314
2064294534	1195049314
2064414279	1195049314
2064518874	1195049314
2064581877	1195049314
2064654621	1195049314
2064700557	1195049314
2064780509	1195049314
2064974903	1195049314
2065067510	1195049314
2065081310	1195049314
2065100127	1195049314
2065164981	1195049314
2065266118	1195049314
2065280142	1195049314
2065386845	1195049314
2065439984	1195049314
2065484769	1195049314
2065575115	1195049314
2065851436	1195049314
2065923278	1195049314
2066018679	1195049314
2066019489	1195049314
2066032787	1195049314
2066236282	1195049314
2066249289	1195049314
2066263837	1195049314
2066281399	1195049314
2066324214	1195049314
2066432818	1195049314
2066511318	1195049314
2066646682	1195049314
2066702007	1195049314
2066737814	1195049314
2066911825	1195049314
2067022383	1195049314
2067047457	1195049314
2067047870	1195049314
2067095775	1195049314
2067164433	1195049314
2067193226	1195049314
2067341431	1195049314
2067433806	1195049314
2067634822	1195049314
2067685245	1195049314
2067918302	1195049314
2067983645	1195049314
2068057143	1195049314
2068273362	1195049314
2068577519	1195049314
2068633831	1195049314
2068812033	1195049314
2068883041	1195049314
2068892179	1195049314
2068979824	1195049314
2069011997	1195049314
2069074934	1195049314
2069086357	1195049314
2069110171	1195049314
2069126918	1195049314
2069380438	1195049314
2069528998	1195049314
2069648394	1195049314
2069768916	1195049314
2069876997	1195049314
2069948174	1195049314
2070050754	1195049314
2070248627	1195049314
2070357856	1195049314
2070462868	1195049314
2070483116	1195049314
2070555843	1195049314
2070568973	1195049314
2070699011	1195049314
2070721236	1195049314
2070739387	1195049314
2070795818	1195049314
2070881589	1195049314
2070885161	1195049314
2070940021	1195049314
2070958855	1195049314
2070987124	1195049314
2071133089	1195049314
2071145486	1195049314
2071249697	1195049314
2071331323	1195049314
2071393163	1195049314
2071449708	1195049314
2071461170	1195049314
2071476225	1195049314
2071638895	1195049314
2071740949	1195049314
2071843258	1195049314
2071990874	1195049314
2072040293	1195049314
2072143991	1195049314
2072291879	1195049314
2072338070	1195049314
2072341712	1195049314
2072374032	1195049314
2072518167	1195049314
2072591870	1195049314
2072626379	1195049314
2072653937	1195049314
2072765514	1195049314
2073033474	1195049314
2073214011	1195049314
2073249212	1195049314
2073354765	1195049314
2073568224	1195049314
2073777525	1195049314
2073833477	1195049314
2073845890	1195049314
2073866428	1195049314
2073928148	1195049314
2074017381	1195049314
2074039094	1195049314
2074108368	1195049314
2074162504	1195049314
2074251412	1195049314
2074400036	1195049314
2074710100	1195049314
2074796576	1195049314
2074941188	1195049314
2075117330	1195049314
2075124514	1195049314
2075417118	1195049314
2075433557	1195049314
2075494224	1195049314
2075595219	1195049314
2075638505	1195049314
2075801923	1195049314
2075868776	1195049314
2075915154	1195049314
2075925848	1195049314
2075935418	1195049314
2076011401	1195049314
2076091620	1195049314
2076159892	1195049314
2076162770	1195049314
2076256534	1195049314
2076287894	1195049314
2076372347	1195049314
2076406125	1195049314
2076480527	1195049314
2076592045	1195049314
2076623010	1195049314
2076680636	1195049314
2076820794	1195049314
2076896431	1195049314
2076998355	1195049314
2077053231	1195049314
2077053562	1195049314
2077160700	1195049314
2077188144	1195049314
2077227103	1195049314
2077318889	1195049314
2077328483	1195049314
2077538630	1195049314
2077576343	1195049314
2077606934	1195049314
2077690515	1195049314
2077802345	1195049314
2077987153	1195049314
2078207801	1195049314
2078246358	1195049314
2078308258	1195049314
2078381243	1195049314
2078405027	1195049314
2078519643	1195049314
2078625147	1195049314
2078790381	1195049314
2078812230	1195049314
2078906283	1195049314
2078914186	1195049314
2078924083	1195049314
2078969383	1195049314
2079019484	1195049314
2079027382	1195049314
2079049911	1195049314
2079079169	1195049314
2079371193	1195049314
2079578564	1195049314
2079670949	1195049314
2079725066	1195049314
2079796873	1195049314
2079875932	1195049314
2079938188	1195049314
2079957286	1195049314
2080010728	1195049314
2080051588	1195049314
2080266573	1195049314
2080422783	1195049314
2080440295	1195049314
2080471145	1195049314
2080476769	1195049314
2080664143	1195049314
2080688008	1195049314
2080766194	1195049314
2080775100	1195049314
2080783400	1195049314
2080787992	1195049314
2080956139	1195049314
2080960867	1195049314
2081029091	1195049314
2081055467	1195049314
2081209305	1195049314
2081249542	1195049314
2081291237	1195049314
2081638923	1195049314
2081644410	1195049314
2081726024	1195049314
2082032578	1195049314
2082119075	1195049314
2082232748	1195049314
2082297337	1195049314
2082331247	1195049314
2082372889	1195049314
2082490206	1195049314
2082561511	1195049314
2082632735	1195049314
2082954984	1195049314
2083047698	1195049314
2083090305	1195049314
2083113031	1195049314
2083316167	1195049314
2083345146	1195049314
2083353966	1195049314
2083408358	1195049314
2083447673	1195049314
2083458534	1195049314
2083468274	1195049314
2083527719	1195049314
2083686936	1195049314
2083771116	1195049314
2083831249	1195049314
2083870309	1195049314
2083973186	1195049314
2084008325	1195049314
2084261647	1195049314
2084302980	1195049314
2084342074	1195049314
2084388480	1195049314
2084541321	1195049314
2084545099	1195049314
2084553561	1195049314
2084597339	1195049314
2084625689	1195049314
2084656813	1195049314
2084712779	1195049314
2084779139	1195049314
2084814989	1195049314
2084857899	1195049314
2084878678	1195049314
2084885239	1195049314
2085024304	1195049314
2085040754	1195049314
2085168669	1195049314
2085295345	1195049314
2085443629	1195049314
2085484799	1195049314
2085493523	1195049314
2085540333	1195049314
2085542468	1195049314
2085604380	1195049314
2085681572	1195049314
2085758390	1195049314
2085782462	1195049314
2085794490	1195049314
2085848620	1195049314
2085867020	1195049314
2086038483	1195049314
2086085600	1195049314
2086090128	1195049314
2086323533	1195049314
2086424478	1195049314
2086548657	1195049314
2086574723	1195049314
2086579950	1195049314
2086631342	1195049314
2086641625	1195049314
2086743307	1195049314
2086821733	1195049314
2086999094	1195049314
2087122180	1195049314
2087149276	1195049314
2087272856	1195049314
2087331466	1195049314
2087541882	1195049314
2087545379	1195049314
2087770112	1195049314
2087773071	1195049314
2087812492	1195049314
2087980994	1195049314
2088124035	1195049314
2088279893	1195049314
2088324943	1195049314
2088602337	1195049314
2088664555	1195049314
2088667266	1195049314
2088721436	1195049314
2088749333	1195049314
2088841731	1195049314
2088856004	1195049314
2088859030	1195049314
2088903106	1195049314
2088954142	1195049314
2088972714	1195049314
2089142163	1195049314
2089179911	1195049314
2089197640	1195049314
2089247684	1195049314
2089434883	1195049314
2089461685	1195049314
2089703868	1195049314
2089822528	1195049314
2089990942	1195049314
2090018116	1195049314
2090029894	1195049314
2090089601	1195049314
2090109536	1195049314
2090177212	1195049314
2090181237	1195049314
2090246296	1195049314
2090248281	1195049314
2090252063	1195049314
2090299557	1195049314
2090438906	1195049314
2090471105	1195049314
2090613284	1195049314
2090687681	1195049314
2090782231	1195049314
2090785383	1195049314
2090804886	1195049314
2090805552	1195049314
2090827266	1195049314
2090893347	1195049314
2091067638	1195049314
2091119268	1195049314
2091123640	1195049314
2091215623	1195049314
2091234873	1195049314
2091240746	1195049314
2091322005	1195049314
2091336798	1195049314
2091561991	1195049314
2091740860	1195049314
2092226064	1195049314
2092269622	1195049314
2092493253	1195049314
2092644085	1195049314
2092652928	1195049314
2092710282	1195049314
2092761406	1195049314
2092773783	1195049314
2092802058	1195049314
2092846593	1195049314
2092955759	1195049314
2092966494	1195049314
2092983660	1195049314
2092984410	1195049314
2093014311	1195049314
2093082291	1195049314
2093428114	1195049314
2093442721	1195049314
2093480241	1195049314
2093557879	1195049314
2093664903	1195049314
2093680229	1195049314
2093880573	1195049314
2093894010	1195049314
2093965364	1195049314
2094002344	1195049314
2094136538	1195049314
2094157467	1195049314
2094345647	1195049314
2094485533	1195049314
2094500378	1195049314
2094702210	1195049314
2094768742	1195049314
2094796670	1195049314
2094886160	1195049314
2095005679	1195049314
2095066181	1195049314
2095118384	1195049314
2095247581	1195049314
2095354161	1195049314
2095377531	1195049314
2095468482	1195049314
2095490286	1195049314
2095581768	1195049314
2095638537	1195049314
2095738544	1195049314
2095998643	1195049314
2096244445	1195049314
2096264819	1195049314
2096796955	1195049314
2096894832	1195049314
2097229490	1195049314
2097274553	1195049314
2097495304	1195049314
2097662241	1195049314
2097872036	1195049314
2097950835	1195049314
2097957084	1195049314
2098117747	1195049314
2098461445	1195049314
2098479270	1195049314
2098507392	1195049314
2098517871	1195049314
2098544808	1195049314
2098691030	1195049314
2098857500	1195049314
2098867638	1195049314
2099155447	1195049314
2099220086	1195049314
2099334948	1195049314
2099352442	1195049314
2099855601	1195049314
2099957992	1195049314
2100194628	1195049314
2100359690	1195049314
2100391600	1195049314
2100606219	1195049314
2101161981	1195049314
2101333566	1195049314
2101467698	1195049314
2101500830	1195049314
2101506411	1195049314
2101543851	1195049314
2101573979	1195049314
2101685428	1195049314
2102089959	1195049314
2102125364	1195049314
2102187586	1195049314
2102327894	1195049314
2102378894	1195049314
2102453117	1195049314
2102542840	1195049314
2102824954	1195049314
2103168594	1195049314
2103211051	1195049314
2103542834	1195049314
2103562041	1195049314
2103728556	1195049314
2103787992	1195049314
2104076892	1195049314
2104457615	1195049314
2104627766	1195049314
2104887187	1195049314
2104896609	1195049314
2104983845	1195049314
2105019053	1195049314
2105181374	1195049314
2105214727	1195049314
2105655950	1195049314
2105664710	1195049314
2105922250	1195049314
2106068874	1195049314
2106212012	1195049314
2106632722	1195049314
2106743565	1195049314
2107036097	1195049314
2107054196	1195049314
2107142491	1195049314
2107183450	1195049314
2107257963	1195049314
2107457868	1195049314
2107766120	1195049314
2107834059	1195049314
2107975813	1195049314
2108109291	1195049314
2108202469	1195049314
2108261286	1195049314
2108297097	1195049314
2108387985	1195049314
2108420164	1195049314
2108623761	1195049314
2108667854	1195049314
2108771359	1195049314
2108951007	1195049314
2109012713	1195049314
2109321395	1195049314
2109554839	1195049314
2109641207	1195049314
2109736100	1195049314
2109931694	1195049314
2109962300	1195049314
2109966665	1195049314
2110021966	1195049314
2110177268	1195049314
2110277250	1195049314
2110331731	1195049314
2110389157	1195049314
2110404837	1195049314
2110499955	1195049314
2110526432	1195049314
2110568694	1195049314
2110596358	1195049314
2110629791	1195049314
2110785045	1195049314
2110800699	1195049314
2111103671	1195049314
2111183635	1195049314
2111279428	1195049314
2111372463	1195049314
2111486966	1195049314
2111492616	1195049314
2111504995	1195049314
2111530153	1195049314
2111799631	1195049314
2111845144	1195049314
2111846406	1195049314
2111887161	1195049314
2111946141	1195049314
2111971407	1195049314
2112594516	1195049314
2112726785	1195049314
2112887891	1195049314
2112912319	1195049314
2113000555	1195049314
2113254263	1195049314
2113477472	1195049314
2113609149	1195049314
2113633187	1195049314
2113922316	1195049314
2114100913	1195049314
2114199376	1195049314
2114212018	1195049314
2114240026	1195049314
2114361130	1195049314
2114558975	1195049314
2114701296	1195049314
2114783026	1195049314
2114887779	1195049314
2115140422	1195049314
2115195106	1195049314
2115459739	1195049314
2115478701	1195049314
2115481220	1195049314
2115746649	1195049314
2115952886	1195049314
2115965335	1195049314
2116144139	1195049314
2116242639	1195049314
2116436339	1195049314
2116513042	1195049314
2116529397	1195049314
2116655493	1195049314
2116678925	1195049314
2116724058	1195049314
2116964974	1195049314
2116987474	1195049314
2117143804	1195049314
2117465524	1195049314
2117501268	1195049314
2117777000	1195049314
2117909897	1195049314
2117967456	1195049314
2118090131	1195049314
2118157326	1195049314
2118281069	1195049314
2118361035	1195049314
2118429556	1195049314
2118557062	1195049314
2118558154	1195049314
2118586064	1195049314
2118635685	1195049314
2118716638	1195049314
2118929601	1195049314
2118988719	1195049314
2119031905	1195049314
2119251770	1195049314
2119312455	1195049314
2119379044	1195049314
2119526359	1195049314
2119710989	1195049314
2119734300	1195049314
2119796613	1195049314
2119804227	1195049314
2119890358	1195049314
2119987775	1195049314
2120064877	1195049314
2120335942	1195049314
2120977438	1195049314
2121076430	1195049314
2121090196	1195049314
2121107042	1195049314
2121120672	1195049314
2121324502	1195049314
2121649960	1195049314
2122152711	1195049314
2122349466	1195049314
2122434022	1195049314
2122451584	1195049314
2122533268	1195049314
2122656762	1195049314
2122738267	1195049314
2122801137	1195049314
2122988597	1195049314
2123329585	1195049314
2123422228	1195049314
2123476269	1195049314
2123492779	1195049314
2123518455	1195049314
2123560332	1195049314
2123607953	1195049314
2123621343	1195049314
2123655870	1195049314
2123666635	1195049314
2123774076	1195049314
2123971449	1195049314
2124076451	1195049314
2124100711	1195049314
2124318542	1195049314
2124351009	1195049314
2124470457	1195049314
2124534119	1195049314
2124654639	1195049314
2124881979	1195049314
2124901240	1195049314
2125017820	1195049314
2125285376	1195049314
2125613371	1195049314
2125740856	1195049314
2125959730	1195049314
2126024701	1195049314
2126252717	1195049314
2126256664	1195049314
2126318893	1195049314
2126487061	1195049314
2126500007	1195049314
2126594993	1195049314
2126716435	1195049314
2126724577	1195049314
2126820272	1195049314
2126862865	1195049314
2126982404	1195049314
2127070033	1195049314
2127099870	1195049314
2127177812	1195049314
2127194912	1195049314
2127279174	1195049314
2127323601	1195049314
2127332408	1195049314
2127720427	1195049314
2128077851	1195049314
2128239757	1195049314
2128357631	1195049314
2128790993	1195049314
2128865462	1195049314
2128903497	1195049314
2129165073	1195049314
2129211744	1195049314
2129219933	1195049314
2129292718	1195049314
2129307567	1195049314
2129500531	1195049314
2129696583	1195049314
2129987023	1195049314
2130231383	1195049314
2130897557	1195049314
2131006495	1195049314
2131019951	1195049314
2131149603	1195049314
2131307403	1195049314
2131602354	1195049314
2131662035	1195049314
2131723483	1195049314
2131882549	1195049314
2132314277	1195049314
2132361981	1195049314
2132527746	1195049314
2132649147	1195049314
2132758790	1195049314
2132765546	1195049314
2132827321	1195049314
2133036399	1195049314
2133148685	1195049314
2133175182	1195049314
2133361478	1195049314
2133481875	1195049314
2133485007	1195049314
2133553328	1195049314
2133692519	1195049314
2133800002	1195049314
2134336897	1195049314
2134349105	1195049314
2134372241	1195049314
2134513734	1195049314
2134568808	1195049314
2134584261	1195049314
2134875098	1195049314
2134997485	1195049314
2135171844	1195049314
2135273364	1195049314
2135298385	1195049314
2135313998	1195049314
2135315054	1195049314
2135443727	1195049314
2135571582	1195049314
2135866398	1195049314
2136016921	1195049314
2136056394	1195049314
2136393573	1195049314
2136421959	1195049314
2136454326	1195049314
2136626281	1195049314
2136677997	1195049314
2136742266	1195049314
2136953137	1195049314
2137092892	1195049314
2137119080	1195049314
2137131006	1195049314
2137267962	1195049314
2137330442	1195049314
2137360341	1195049314
2137480775	1195049314
2137487564	1195049314
2137492897	1195049314
2137648873	1195049314
2137687029	1195049314
2137774331	1195049314
2137923147	1195049314
2138682643	1195049314
2138801802	1195049314
2138937859	1195049314
2139011630	1195049314
2139061966	1195049314
2139174350	1195049314
2139361598	1195049314
2139575250	1195049314
2139622443	1195049314
2139721315	1195049314
2139800043	1195049314
2139977864	1195049314
2139992310	1195049314
2140106053	1195049314
2140189893	1195049314
2140192287	1195049314
2140424544	1195049314
2140429292	1195049314
2140434926	1195049314
2140706899	1195049314
2140707667	1195049314
2140726796	1195049314
2140784254	1195049314
2140899128	1195049314
2140964946	1195049314
2141109402	1195049314
2141190060	1195049314
2141284070	1195049314
2141344980	1195049314
2141504170	1195049314
2141701538	1195049314
2141860787	1195049314
2141888607	1195049314
2142142195	1195049314
2142369564	1195049314
2142501318	1195049314
2142530881	1195049314
2142602604	1195049314
2142768150	1195049314
2142897848	1195049314
2142970845	1195049314
2142994359	1195049314
2143107436	1195049314
2143164960	1195049314
2143318901	1195049314
2143363866	1195049314
2143445300	1195049314
2143458109	1195049314
2143480196	1195049314
2143736924	1195049314
2143757597	1195049314
2143949053	1195049314
2144004138	1195049314
2144049860	1195049314
2144089613	1195049314
2144144806	1195049314
2144398219	1195049314
2144501137	1195049314
2144764286	1195049314
2145042611	1195049314
2145159791	1195049314
2145199549	1195049314
2145591911	1195049314
2145674619	1195049314
2145676246	1195049314
2145683959	1195049314
2145699304	1195049314
2145701855	1195049314
2146038408	1195049314
2146124776	1195049314
2146166701	1195049314
2146171549	1195049314
2146242224	1195049314
2146342155	1195049314
2146458436	1195049314
2146660913	1195049314
2146681782	1195049314
2146817586	1195049314
2146948612	1195049314
2147018965	1195049314
2147109842	1195049314
2147318396	1195049314
2147471506	1195049314
2147934231	1195049314
2147976255	1195049314
2147989702	1195049314
2148090135	1195049314
2148667129	1195049314
2148673420	1195049314
2148812029	1195049314
2148812940	1195049314
2148831321	1195049314
2148858652	1195049314
2149187640	1195049314
2149236482	1195049314
2149262531	1195049314
2149280733	1195049314
2149364466	1195049314
2149379455	1195049314
2150138911	1195049314
2150279779	1195049314
2150416604	1195049314
2150523688	1195049314
2150715964	1195049314
2150797459	1195049314
2150849589	1195049314
2150887489	1195049314
2151029989	1195049314
2151042923	1195049314
2151051036	1195049314
2151098288	1195049314
2151257584	1195049314
2151268880	1195049314
2151438614	1195049314
2151455318	1195049314
2151528523	1195049314
2151541805	1195049314
2151647141	1195049314
2151659907	1195049314
2151791150	1195049314
2151819609	1195049314
2151853174	1195049314
2151963101	1195049314
2152154199	1195049314
2152378008	1195049314
2152468166	1195049314
2152478792	1195049314
2152794033	1195049314
2152805860	1195049314
2152942661	1195049314
2153153705	1195049314
2153723960	1195049314
2153793823	1195049314
2153905115	1195049314
2153905718	1195049314
2154102974	1195049314
2154107987	1195049314
2154243713	1195049314
2154317692	1195049314
2154331818	1195049314
2154344027	1195049314
2154750229	1195049314
2154876275	1195049314
2154881458	1195049314
2154910342	1195049314
2155025169	1195049314
2155104879	1195049314
2155106456	1195049314
2155320255	1195049314
2155434271	1195049314
2155504372	1195049314
2155662357	1195049314
2155735325	1195049314
2155945451	1195049314
2155987657	1195049314
2156055852	1195049314
2156146541	1195049314
2156601452	1195049314
2156733809	1195049314
2156757449	1195049314
2156929630	1195049314
2157038620	1195049314
2157290984	1195049314
2157380500	1195049314
2157459496	1195049314
2157557193	1195049314
2157671835	1195049314
2157740698	1195049314
2157746366	1195049314
2157907231	1195049314
2157941772	1195049314
2157985198	1195049314
2158054167	1195049314
2158083740	1195049314
2158094649	1195049314
2158226816	1195049314
2158229382	1195049314
2158419418	1195049314
2158470165	1195049314
2158622367	1195049314
2158656770	1195049314
2158731739	1195049314
2159004317	1195049314
2159144235	1195049314
2159369102	1195049314
2159533605	1195049314
2159607801	1195049314
2159662447	1195049314
2159876113	1195049314
2160084110	1195049314
2160421392	1195049314
2160610963	1195049314
2160776018	1195049314
2160870207	1195049314
2160945247	1195049314
2161035702	1195049314
2161361013	1195049314
2161393011	1195049314
2161536413	1195049314
2161693416	1195049314
2161846679	1195049314
2161956627	1195049314
2162110163	1195049314
2162209053	1195049314
2162236842	1195049314
2162904316	1195049314
2163067739	1195049314
2163152348	1195049314
2163561184	1195049314
2163940273	1195049314
2163969338	1195049314
2163995984	1195049314
2164327842	1195049314
2164398755	1195049314
2164692452	1195049314
2164717551	1195049314
2164802537	1195049314
2164839301	1195049314
2164939245	1195049314
2165065341	1195049314
2165075134	1195049314
2165080424	1195049314
2165117198	1195049314
2165312405	1195049314
2165318373	1195049314
2165612121	1195049314
2165683952	1195049314
2165884442	1195049314
2166067341	1195049314
2166299892	1195049314
2166584910	1195049314
2166655350	1195049314
2166696008	1195049314
2166928246	1195049314
2167024389	1195049314
2167347434	1195049314
2167965565	1195049314
2168041273	1195049314
2168098237	1195049314
2168230314	1195049314
2168294252	1195049314
2168356372	1195049314
2168765606	1195049314
2168800874	1195049314
2168848241	1195049314
2168957441	1195049314
2169139847	1195049314
2169145896	1195049314
2169284403	1195049314
2169305567	1195049314
2169495811	1195049314
2169677811	1195049314
2170641288	1195049314
2171207161	1195049314
2171410717	1195049314
2171494133	1195049314
2171579421	1195049314
2171714039	1195049314
2171939706	1195049314
2172769633	1195049314
2173213073	1195049314
2175020932	1195049314
2175392188	1195049314
2176788652	1195049314
2183773700	1195049314
2188263387	1195049314
2191534736	1195049314
2200933560	1195049314
2206440038	1195049314
2211754794	1195049314
2216508291	1195049314
2217452037	1195049314
2223095220	1195049314
2231355300	1195049314
2233019047	1195049314
2243644138	1195049314
2244125965	1195049314
2248761606	1195049314
2251472073	1195049314
2254863245	1195049314
2256839954	1195049314
2261226625	1195049314
2271068611	1195049314
2271650025	1195049314
2273794225	1195049314
2276076611	1195049314
2277275157	1195049314
2279229064	1195049314
2279934621	1195049314
2284788639	1195049314
2288295986	1195049314
2288344617	1195049314
2288352304	1195049314
2288404718	1195049314
2288434511	1195049314
2288440420	1195049314
2288469013	1195049314
2288486118	1195049314
2288505673	1195049314
2288633271	1195049314
2288813567	1195049314
2288879543	1195049314
2288898007	1195049314
2288912970	1195049314
2288939477	1195049314
2288948166	1195049314
2288993586	1195049314
2289030476	1195049314
2289052659	1195049314
2289107354	1195049314
2289112451	1195049314
2289153599	1195049314
2289185109	1195049314
2289221031	1195049314
2289231615	1195049314
2289272255	1195049314
2289432583	1195049314
2289518241	1195049314
2289576111	1195049314
2289617720	1195049314
2289630841	1195049314
2289648086	1195049314
2289672065	1195049314
2289713250	1195049314
2289721449	1195049314
2289885092	1195049314
2289970257	1195049314
2289988710	1195049314
2290009368	1195049314
2290102723	1195049314
2290109018	1195049314
2290163722	1195049314
2290386564	1195049314
2290387755	1195049314
2290460633	1195049314
2290484796	1195049314
2290534829	1195049314
2290564524	1195049314
2290569698	1195049314
2290570530	1195049314
2290652328	1195049314
2290665290	1195049314
2290725863	1195049314
2290835535	1195049314
2290849824	1195049314
2290938228	1195049314
2290943337	1195049314
2290990277	1195049314
2291069971	1195049314
2291107244	1195049314
2291227510	1195049314
2291261743	1195049314
2291303938	1195049314
2291344435	1195049314
2291355735	1195049314
2291362097	1195049314
2291369002	1195049314
2291515547	1195049314
2291529943	1195049314
2291609146	1195049314
2291609302	1195049314
2291652063	1195049314
2291659196	1195049314
2291699070	1195049314
2291878456	1195049314
2291972323	1195049314
2292030542	1195049314
2292054779	1195049314
2292070666	1195049314
2292079800	1195049314
2292280558	1195049314
2292349021	1195049314
2292379245	1195049314
2292404644	1195049314
2292412967	1195049314
2292462824	1195049314
2292556373	1195049314
2292562124	1195049314
2292595861	1195049314
2292605812	1195049314
2292699664	1195049314
2292782657	1195049314
2292853580	1195049314
2292881036	1195049314
2292974053	1195049314
2292980102	1195049314
2292981321	1195049314
2293014222	1195049314
2293015456	1195049314
2293058841	1195049314
2293185239	1195049314
2293233544	1195049314
2293252153	1195049314
2293253172	1195049314
2293277361	1195049314
2293307500	1195049314
2293309085	1195049314
2293340641	1195049314
2293376020	1195049314
2293397997	1195049314
2293402329	1195049314
2293438551	1195049314
2293453852	1195049314
2293467707	1195049314
2293475199	1195049314
2293506071	1195049314
2293536215	1195049314
2293559696	1195049314
2293580817	1195049314
2293587765	1195049314
2293634932	1195049314
2293651793	1195049314
2293656843	1195049314
2293670149	1195049314
2293674269	1195049314
2293726876	1195049314
2293758273	1195049314
2293765620	1195049314
2293868408	1195049314
2293900127	1195049314
2293915289	1195049314
2293949874	1195049314
2293964063	1195049314
2293980411	1195049314
2293992358	1195049314
2294001481	1195049314
2294048717	1195049314
2294082104	1195049314
2294096873	1195049314
2294119943	1195049314
2294130051	1195049314
2294134711	1195049314
2294151934	1195049314
2294206250	1195049314
2294208555	1195049314
2294225841	1195049314
2294261714	1195049314
2294262738	1195049314
2294271032	1195049314
2294280795	1195049314
2294308635	1195049314
2294317567	1195049314
2294321616	1195049314
2294358312	1195049314
2294367071	1195049314
2294395864	1195049314
2294413100	1195049314
2294440898	1195049314
2294462694	1195049314
2294516187	1195049314
2294518004	1195049314
2294547795	1195049314
2294595105	1195049314
2294597790	1195049314
2294606337	1195049314
2294650349	1195049314
2294655385	1195049314
2294673126	1195049314
2294707084	1195049314
2294720745	1195049314
2294732506	1195049314
2294753915	1195049314
2294780840	1195049314
2294821027	1195049314
2294871102	1195049314
2294956053	1195049314
2294966503	1195049314
2295000897	1195049314
2295008885	1195049314
2295017819	1195049314
2295023736	1195049314
2295052087	1195049314
2295071102	1195049314
2295090739	1195049314
2295121072	1195049314
2295168723	1195049314
2295204141	1195049314
2295266717	1195049314
2295373227	1195049314
2295463299	1195049314
2295467191	1195049314
2295510289	1195049314
2295513740	1195049314
2295519662	1195049314
2295521502	1195049314
2295521688	1195049314
2295522716	1195049314
2295529981	1195049314
2295586621	1195049314
2295658130	1195049314
2295669742	1195049314
2295683356	1195049314
2295687471	1195049314
2295737942	1195049314
2295743850	1195049314
2295750479	1195049314
2295758393	1195049314
2295780172	1195049314
2295880350	1195049314
2295883294	1195049314
2295903638	1195049314
2295963983	1195049314
2295973056	1195049314
2295987976	1195049314
2295989077	1195049314
2296018061	1195049314
2296034339	1195049314
2296048827	1195049314
2296053812	1195049314
2296180842	1195049314
2296181455	1195049314
2296182849	1195049314
2296194912	1195049314
2296207269	1195049314
2296231168	1195049314
2296242655	1195049314
2296248205	1195049314
2296274542	1195049314
2296317707	1195049314
2296319667	1195049314
2296338595	1195049314
2296369961	1195049314
2296384614	1195049314
2296400761	1195049314
2296433870	1195049314
2296460756	1195049314
2296469974	1195049314
2296476971	1195049314
2296501108	1195049314
2296542871	1195049314
2296547012	1195049314
2296569100	1195049314
2296580333	1195049314
2296644588	1195049314
2296660228	1195049314
2296681171	1195049314
2296690841	1195049314
2296735967	1195049314
2296754894	1195049314
2296977403	1195049314
2301163450	1195049314
2303813848	1195049314
2312510682	1195049314
2313654969	1195049314
2313907124	1195049314
2314361900	1195049314
2317850183	1195049314
2323800702	1195049314
2326277998	1195049314
2326602587	1195049314
2327143288	1195049314
2328081876	1195049314
2328387249	1195049314
2336166210	1195049314
2338021177	1195049314
2343282249	1195049314
2395837910	1195049314
2396614874	1195049314
2403062973	1195049314
2404141272	1195049314
2460159939	1195049314
2466113706	1195049314
2471221444	1195049314
2471274000	1195049314
2515282779	1195049314
2516684139	1195049314
2523211791	1195049314
2525076850	1195049314
2526685122	1195049314
2528259719	1195049314
2529137305	1195049314
2537561668	1195049314
2544952174	1195049314
2546112086	1195049314
2547490807	1195049314
2547739300	1195049314
2552525247	1195049314
2552884728	1195049314
2553906916	1195049314
2554376651	1195049314
2555746902	1195049314
2558073527	1195049314
2562939785	1195049314
2570031629	1195049314
2577293149	1195049314
2581904482	1195049314
2582770222	1195049314
2584581416	1195049314
2585779238	1195049314
2586742467	1195049314
2587471150	1195049314
2587766574	1195049314
2587766627	1195049314
2587778348	1195049314
2587784251	1195049314
2587786618	1195049314
2587791610	1195049314
2587794117	1195049314
2587812910	1195049314
2587823657	1195049314
2587829195	1195049314
2587836231	1195049314
2587839069	1195049314
2587839394	1195049314
2587842785	1195049314
2587850015	1195049314
2587853369	1195049314
2587854336	1195049314
2587854556	1195049314
2587856214	1195049314
2587859801	1195049314
2587863209	1195049314
2587868299	1195049314
2587868517	1195049314
2587871275	1195049314
2587871321	1195049314
2587875828	1195049314
2587878468	1195049314
2587880847	1195049314
2587884718	1195049314
2587891742	1195049314
2587897132	1195049314
2587916182	1195049314
2587918559	1195049314
2587934097	1195049314
2587943151	1195049314
2587944871	1195049314
2587961353	1195049314
2587968774	1195049314
2587969630	1195049314
2587971782	1195049314
2587972260	1195049314
2587979677	1195049314
2587999266	1195049314
2587999603	1195049314
2588008725	1195049314
2588010976	1195049314
2588021076	1195049314
2588027482	1195049314
2588031653	1195049314
2588033008	1195049314
2588040260	1195049314
2588041169	1195049314
2588045601	1195049314
2588046942	1195049314
2588048813	1195049314
2588050621	1195049314
2588050668	1195049314
2588053821	1195049314
2588061156	1195049314
2588064451	1195049314
2588065765	1195049314
2588068557	1195049314
2588075546	1195049314
2588077759	1195049314
2588078156	1195049314
2588081224	1195049314
2588083942	1195049314
2588084680	1195049314
2588090758	1195049314
2588092144	1195049314
2588098783	1195049314
2588101742	1195049314
2588103623	1195049314
2588107045	1195049314
2588112558	1195049314
2588114145	1195049314
2588117145	1195049314
2588122555	1195049314
2588125680	1195049314
2588126527	1195049314
2588143235	1195049314
2588146008	1195049314
2588146065	1195049314
2588171664	1195049314
2588172982	1195049314
2588173118	1195049314
2588183577	1195049314
2588187597	1195049314
2588194244	1195049314
2588195169	1195049314
2588198824	1195049314
2588204726	1195049314
2588206467	1195049314
2588213417	1195049314
2588214106	1195049314
2588235398	1195049314
2588243197	1195049314
2588244449	1195049314
2588244749	1195049314
2588249099	1195049314
2588252521	1195049314
2588274331	1195049314
2588274542	1195049314
2588287986	1195049314
2588290933	1195049314
2588312088	1195049314
2588314311	1195049314
2588321375	1195049314
2588322430	1195049314
2588327946	1195049314
2588328130	1195049314
2588334051	1195049314
2588334501	1195049314
2588335049	1195049314
2588335593	1195049314
2588337372	1195049314
2588344998	1195049314
2588354150	1195049314
2588355074	1195049314
2588365534	1195049314
2588373536	1195049314
2588376876	1195049314
2588381583	1195049314
2588382500	1195049314
2588387072	1195049314
2588388758	1195049314
2588389399	1195049314
2588401322	1195049314
2588403002	1195049314
2588403709	1195049314
2588404230	1195049314
2588407939	1195049314
2588412597	1195049314
2588416069	1195049314
2588439030	1195049314
2588441587	1195049314
2588442799	1195049314
2588449828	1195049314
2588451105	1195049314
2588458574	1195049314
2588458760	1195049314
2588463741	1195049314
2588471702	1195049314
2588472166	1195049314
2588473639	1195049314
2588475165	1195049314
2588485469	1195049314
2588494475	1195049314
2588505903	1195049314
2588507100	1195049314
2588509866	1195049314
2588515328	1195049314
2588515875	1195049314
2588517461	1195049314
2588519352	1195049314
2588521115	1195049314
2588523638	1195049314
2588526411	1195049314
2588529869	1195049314
2588531557	1195049314
2588538616	1195049314
2588551623	1195049314
2588552579	1195049314
2588559064	1195049314
2588563088	1195049314
2588564103	1195049314
2588571538	1195049314
2588574026	1195049314
2588579248	1195049314
2588586445	1195049314
2588594499	1195049314
2588600587	1195049314
2588602204	1195049314
2588628504	1195049314
2588634505	1195049314
2588636228	1195049314
2588653946	1195049314
2588660002	1195049314
2588674491	1195049314
2588676899	1195049314
2588678436	1195049314
2588711631	1195049314
2588713620	1195049314
2588716556	1195049314
2588720942	1195049314
2588723544	1195049314
2588723925	1195049314
2588725019	1195049314
2588731222	1195049314
2588740808	1195049314
2588743120	1195049314
2588744990	1195049314
2588750018	1195049314
2588753892	1195049314
2588759517	1195049314
2588761936	1195049314
2588765774	1195049314
2588766860	1195049314
2588775355	1195049314
2588775374	1195049314
2588780661	1195049314
2588786841	1195049314
2588791596	1195049314
2588795368	1195049314
2588795644	1195049314
2588797321	1195049314
2588799281	1195049314
2588800351	1195049314
2588803078	1195049314
2588809372	1195049314
2588810491	1195049314
2588811942	1195049314
2588822410	1195049314
2588822537	1195049314
2588822708	1195049314
2588830233	1195049314
2588833253	1195049314
2588847508	1195049314
2588851050	1195049314
2588852483	1195049314
2588853767	1195049314
2588862780	1195049314
2588874602	1195049314
2588883461	1195049314
2588888090	1195049314
2588888822	1195049314
2588896531	1195049314
2588899133	1195049314
2588905069	1195049314
2588907096	1195049314
2588913682	1195049314
2588917609	1195049314
2588948966	1195049314
2588952840	1195049314
2588954567	1195049314
2588960498	1195049314
2588968288	1195049314
2588970299	1195049314
2588998075	1195049314
2589000649	1195049314
2589010289	1195049314
2589013215	1195049314
2589013321	1195049314
2589015465	1195049314
2589016589	1195049314
2589020063	1195049314
2589021237	1195049314
2589021616	1195049314
2589022383	1195049314
2589030362	1195049314
2589030851	1195049314
2589038172	1195049314
2589041671	1195049314
2589047672	1195049314
2589056603	1195049314
2589056850	1195049314
2589057504	1195049314
2589063683	1195049314
2589063696	1195049314
2589071481	1195049314
2589073750	1195049314
2589084925	1195049314
2589088084	1195049314
2589092053	1195049314
2589092691	1195049314
2589100984	1195049314
2591538356	1195049314
2594601392	1195049314
2600126995	1195049314
2600953884	1195049314
2604570630	1195049314
2605355094	1195049314
2605434984	1195049314
2610241442	1195049314
2610979006	1195049314
2611046332	1195049314
2611749690	1195049314
2611758519	1195049314
2613295443	1195049314
2613925009	1195049314
2614899444	1195049314
2617081094	1195049314
2617158511	1195049314
2617193497	1195049314
2617275668	1195049314
2617407139	1195049314
2617519885	1195049314
2618199161	1195049314
2618558237	1195049314
2619069460	1195049314
2620196181	1195049314
2620287039	1195049314
2621730193	1195049314
2623402062	1195049314
2623851756	1195049314
2625874712	1195049314
2626031700	1195049314
2626110357	1195049314
2647193648	1195049314
2663294209	1195049314
2727840748	1195049314
2733903155	1195049314
2735721030	1195049314
2739188164	1195049314
2741609014	1195049314
2741830917	1195049314
2750648048	1195049314
2750659344	1195049314
2750685908	1195049314
2750746402	1195049314
2750792097	1195049314
2750798014	1195049314
2750805546	1195049314
2750807749	1195049314
2750851635	1195049314
2750875587	1195049314
2751154931	1195049314
2751190097	1195049314
2751220282	1195049314
2751223922	1195049314
2751380022	1195049314
2751380061	1195049314
2751686226	1195049314
2752004065	1195049314
2752068016	1195049314
2752153143	1195049314
2752182556	1195049314
2752218969	1195049314
2752256001	1195049314
2752292513	1195049314
2752297808	1195049314
2752304636	1195049314
2752338701	1195049314
2752359524	1195049314
2752369207	1195049314
2752439395	1195049314
2752510479	1195049314
2752579643	1195049314
2752612548	1195049314
2752634047	1195049314
2752661257	1195049314
2752700758	1195049314
2752754144	1195049314
2752828977	1195049314
2752876453	1195049314
2752899873	1195049314
2753454574	1195049314
2753500139	1195049314
2753559279	1195049314
2753564927	1195049314
2753587167	1195049314
2753645080	1195049314
2753647455	1195049314
2753663327	1195049314
2753669349	1195049314
2753671014	1195049314
2753690885	1195049314
2753710297	1195049314
2753788285	1195049314
2753874254	1195049314
2756347388	1195049314
2763507114	1195049314
2765696547	1195049314
2766911797	1195049314
2767387957	1195049314
2767632000	1195049314
2773285791	1195049314
2781669397	1195049314
2783051957	1195049314
2784201785	1195049314
2785984185	1195049314
2786427885	1195049314
2791110983	1195049314
2791663246	1195049314
2797726250	1195049314
2799470787	1195049314
2800449275	1195049314
2800601209	1195049314
2801017852	1195049314
2801515117	1195049314
2801596819	1195049314
2801606948	1195049314
2801643521	1195049314
2802188346	1195049314
2803132452	1195049314
2803160870	1195049314
2803366464	1195049314
2803741631	1195049314
2803767899	1195049314
2803783121	1195049314
2803928159	1195049314
2804206678	1195049314
2804494603	1195049314
2804507477	1195049314
2804532784	1195049314
2804557106	1195049314
2804811628	1195049314
2805515804	1195049314
2806893363	1195049314
2807973603	1195049314
2808278263	1195049314
2808412163	1195049314
280903413	1195049314
2809958484	1195049314
2810116858	1195049314
2887054131	1195049314
2889819295	1195049314
2890114759	1195049314
2891310637	1195049314
2892291903	1195049314
2895910525	1195049314
2898575457	1195049314
2898638584	1195049314
2898639743	1195049314
2898651276	1195049314
2898680590	1195049314
2898681922	1195049314
2898687428	1195049314
2898689885	1195049314
2898690892	1195049314
2898701156	1195049314
2898701364	1195049314
2898704805	1195049314
2898706697	1195049314
2898720903	1195049314
2898732900	1195049314
2898733611	1195049314
2898745467	1195049314
2898748264	1195049314
2898806175	1195049314
2898814743	1195049314
2898816229	1195049314
2898818086	1195049314
2898819687	1195049314
2898834130	1195049314
2898838214	1195049314
2898843994	1195049314
2898851992	1195049314
2898858661	1195049314
2898867293	1195049314
2898871924	1195049314
2898884497	1195049314
2898890702	1195049314
2898892074	1195049314
2898911189	1195049314
2898917906	1195049314
2898923666	1195049314
2898926658	1195049314
2898939430	1195049314
2898941398	1195049314
2898957354	1195049314
2898960392	1195049314
2898968806	1195049314
2898975274	1195049314
2898983037	1195049314
2898983864	1195049314
2899000977	1195049314
2899001448	1195049314
2899004776	1195049314
2899011499	1195049314
2899060694	1195049314
2899068587	1195049314
2899072410	1195049314
2899076468	1195049314
2899077280	1195049314
2899079893	1195049314
2899099075	1195049314
2899104190	1195049314
2899109550	1195049314
2899114979	1195049314
2899126984	1195049314
2899135902	1195049314
2899141487	1195049314
2899148314	1195049314
2899175017	1195049314
2899186037	1195049314
2899201831	1195049314
2899217757	1195049314
2899218237	1195049314
2899221473	1195049314
2899226493	1195049314
2899244164	1195049314
2899247633	1195049314
2899254451	1195049314
2899255060	1195049314
2899255100	1195049314
2899257763	1195049314
2899272307	1195049314
2899282170	1195049314
2899298125	1195049314
2899299242	1195049314
2899300005	1195049314
2899308238	1195049314
2899317835	1195049314
2899325231	1195049314
2899325316	1195049314
2899329109	1195049314
2899330433	1195049314
2899335066	1195049314
2899341522	1195049314
2899355410	1195049314
2899359524	1195049314
2899366892	1195049314
2899370883	1195049314
2899371063	1195049314
2899372135	1195049314
2899373209	1195049314
2899376207	1195049314
2899379916	1195049314
2899394597	1195049314
2899397670	1195049314
2899402426	1195049314
2899403701	1195049314
2899404643	1195049314
2899411187	1195049314
2899415343	1195049314
2899435883	1195049314
2899465746	1195049314
2899479854	1195049314
2899505792	1195049314
2899508128	1195049314
2900821431	1195049314
2901382307	1195049314
2901537701	1195049314
2902507771	1195049314
2903302073	1195049314
2903619425	1195049314
2903646395	1195049314
2903758123	1195049314
2903765442	1195049314
2903809171	1195049314
2903843401	1195049314
2903936045	1195049314
2904021294	1195049314
2904032318	1195049314
2904053490	1195049314
2904079580	1195049314
2904147181	1195049314
2904201394	1195049314
2904251382	1195049314
2904287281	1195049314
2904297078	1195049314
2904309155	1195049314
2904325178	1195049314
2904386839	1195049314
2904448409	1195049314
2904516142	1195049314
2904543582	1195049314
2904677254	1195049314
2904742349	1195049314
2904802906	1195049314
2904806159	1195049314
2904841463	1195049314
2904868246	1195049314
2904889433	1195049314
2904894956	1195049314
2904965694	1195049314
2904969108	1195049314
2905161424	1195049314
2905202683	1195049314
2905219737	1195049314
2905269639	1195049314
2905310625	1195049314
2905314196	1195049314
2905329436	1195049314
2905348635	1195049314
2905371684	1195049314
2905401987	1195049314
2905538648	1195049314
2905575988	1195049314
2905578211	1195049314
2905582932	1195049314
2911280963	1195049314
2911972265	1195049314
2912663010	1195049314
2912961404	1195049314
2913841425	1195049314
2914204083	1195049314
2914666502	1195049314
2914820398	1195049314
2914950854	1195049314
2940493566	1195049314
2942420081	1195049314
2943746216	1195049314
2943838493	1195049314
2944776478	1195049314
2944885228	1195049314
2945207224	1195049314
2945384594	1195049314
2945417406	1195049314
2945472425	1195049314
2946054101	1195049314
2946268101	1195049314
2946582394	1195049314
2946980687	1195049314
2947604974	1195049314
2947720720	1195049314
2947838964	1195049314
2948337695	1195049314
2948691020	1195049314
2949023519	1195049314
2949072505	1195049314
2951645620	1195049314
2952090161	1195049314
2956028071	1195049314
2958853995	1195049314
2959720119	1195049314
2963368130	1195049314
2963620950	1195049314
2971575076	1195049314
2972571733	1195049314
2974075815	1195049314
2977439059	1195049314
2980150678	1195049314
2982733517	1195049314
2982751809	1195049314
2982807054	1195049314
2982846651	1195049314
2982904475	1195049314
2983070163	1195049314
2983169545	1195049314
2983252395	1195049314
2983352957	1195049314
2983408169	1195049314
2983419145	1195049314
2983539195	1195049314
2983569707	1195049314
2983634186	1195049314
2983753697	1195049314
2983920042	1195049314
2983930363	1195049314
2984091168	1195049314
2984111956	1195049314
2984214483	1195049314
2984256831	1195049314
2984272919	1195049314
2984494833	1195049314
2984674936	1195049314
2984711458	1195049314
2984916030	1195049314
2984936823	1195049314
2985060195	1195049314
2985120173	1195049314
2985215665	1195049314
2985265450	1195049314
2985323692	1195049314
2985336104	1195049314
2985433386	1195049314
2985448492	1195049314
2985451452	1195049314
2985656119	1195049314
2985752215	1195049314
2985829030	1195049314
2985910682	1195049314
2986061556	1195049314
2986111504	1195049314
2986116032	1195049314
2986144525	1195049314
2986276184	1195049314
2986347951	1195049314
2986397490	1195049314
2986461007	1195049314
2986465748	1195049314
2986533700	1195049314
2986710707	1195049314
2986750231	1195049314
2986761203	1195049314
2986874029	1195049314
2986910993	1195049314
2986914465	1195049314
2987003572	1195049314
2987049734	1195049314
2987196350	1195049314
2987259316	1195049314
2987273561	1195049314
2987528021	1195049314
2987563183	1195049314
2987589152	1195049314
2987696221	1195049314
2987703855	1195049314
2987750920	1195049314
2988131874	1195049314
2988164270	1195049314
2988290794	1195049314
2988313173	1195049314
2988589348	1195049314
2988599207	1195049314
2988845133	1195049314
2988912079	1195049314
2989147118	1195049314
2989168801	1195049314
2989378258	1195049314
2989379212	1195049314
2989406162	1195049314
2989904029	1195049314
2991327820	1195049314
2998289846	1195049314
2998788923	1195049314
2998792905	1195049314
2998838934	1195049314
2998862080	1195049314
2998935268	1195049314
2998993066	1195049314
2999007868	1195049314
2999013480	1195049314
2999051363	1195049314
2999067973	1195049314
2999182080	1195049314
2999237670	1195049314
2999428377	1195049314
2999550010	1195049314
2999594468	1195049314
2999623608	1195049314
2999717330	1195049314
2999816092	1195049314
2999848249	1195049314
2999892292	1195049314
2999929866	1195049314
3000027688	1195049314
3000029209	1195049314
3000029628	1195049314
3000136992	1195049314
3000147271	1195049314
3000172753	1195049314
3000175431	1195049314
3000196937	1195049314
3000260731	1195049314
3000398415	1195049314
3000423322	1195049314
3000454060	1195049314
3000469385	1195049314
3000517690	1195049314
3000639556	1195049314
3000651806	1195049314
3000679050	1195049314
3000717963	1195049314
3003212015	1195049314
3003423733	1195049314
3006486123	1195049314
3009017693	1195049314
3010584690	1195049314
3021210239	1195049314
3021388928	1195049314
3024347583	1195049314
3033115328	1195049314
3035610004	1195049314
3038068883	1195049314
3039044934	1195049314
3039917812	1195049314
3044970518	1195049314
3045660115	1195049314
3047882247	1195049314
3048586553	1195049314
3048638484	1195049314
3070333788	1195049314
3081980137	1195049314
3088779323	1195049314
3090358671	1195049314
3091070799	1195049314
3091758182	1195049314
3091909612	1195049314
3093438862	1195049314
3094810174	1195049314
3095015884	1195049314
3095099377	1195049314
3095221768	1195049314
3095259422	1195049314
3095415977	1195049314
3095875970	1195049314
3095938956	1195049314
3095989576	1195049314
3096230153	1195049314
3096478553	1195049314
3096784730	1195049314
3096890037	1195049314
3097686307	1195049314
3097744196	1195049314
3097788815	1195049314
3100467400	1195049314
3100875635	1195049314
3102460643	1195049314
3103364378	1195049314
3103442714	1195049314
3103688233	1195049314
3105825807	1195049314
3106480520	1195049314
3108589594	1195049314
3108867570	1195049314
3113656158	1195049314
3113720254	1195049314
3113843271	1195049314
3114019233	1195049314
3114425005	1195049314
3114514367	1195049314
3114663512	1195049314
3114717672	1195049314
3115374846	1195049314
3115388273	1195049314
3115484232	1195049314
3115530209	1195049314
3115542401	1195049314
3115604881	1195049314
3115672154	1195049314
3115759570	1195049314
3115901320	1195049314
3115909466	1195049314
3116101330	1195049314
3116116876	1195049314
3116420489	1195049314
3116463672	1195049314
3116522421	1195049314
3116536504	1195049314
3116613152	1195049314
3116615384	1195049314
3116631943	1195049314
3116894159	1195049314
3117063482	1195049314
3117222921	1195049314
3117332111	1195049314
3117654533	1195049314
3117830729	1195049314
3118112734	1195049314
3121213752	1195049314
3121257585	1195049314
3121522380	1195049314
3121659874	1195049314
3123005344	1195049314
3123186970	1195049314
3123724861	1195049314
3125031087	1195049314
3128100528	1195049314
3131460349	1195049314
3132705635	1195049314
3133085341	1195049314
3136171698	1195049314
3136325429	1195049314
3136492484	1195049314
3136523697	1195049314
3136545664	1195049314
3136554948	1195049314
3136659831	1195049314
3136736607	1195049314
3136797660	1195049314
3136798204	1195049314
3136927018	1195049314
3136969601	1195049314
3136985364	1195049314
3136987574	1195049314
3137003189	1195049314
3137010580	1195049314
3137069534	1195049314
3137074260	1195049314
3137098325	1195049314
3137417712	1195049314
3137452794	1195049314
3137593908	1195049314
3137595313	1195049314
3137648000	1195049314
3137669840	1195049314
3137773042	1195049314
3137787403	1195049314
3137850121	1195049314
3137853142	1195049314
3137906929	1195049314
3137977730	1195049314
3138093680	1195049314
3138105740	1195049314
3138191120	1195049314
3138203624	1195049314
3138250263	1195049314
3138267621	1195049314
3138304297	1195049314
3138357332	1195049314
3138442970	1195049314
3138516647	1195049314
3138533403	1195049314
3138543874	1195049314
3138676634	1195049314
3138706210	1195049314
3138867768	1195049314
3138872311	1195049314
3138957298	1195049314
3138959172	1195049314
3138959701	1195049314
3139060060	1195049314
3139105337	1195049314
3139254096	1195049314
3139287104	1195049314
3139318020	1195049314
3140400373	1195049314
3152600910	1195049314
3154387289	1195049314
3154473769	1195049314
3157025097	1195049314
3157087550	1195049314
3157094161	1195049314
3157239125	1195049314
3157246914	1195049314
3157310363	1195049314
3157348902	1195049314
3157403689	1195049314
3157498250	1195049314
3157597776	1195049314
3157701759	1195049314
3157762821	1195049314
3157763523	1195049314
3157825100	1195049314
3157826728	1195049314
3157841741	1195049314
3157935355	1195049314
3157958400	1195049314
3158056484	1195049314
3158099696	1195049314
3158110326	1195049314
3158137854	1195049314
3158186930	1195049314
3158256174	1195049314
3158281811	1195049314
3158334229	1195049314
3158396770	1195049314
3158494391	1195049314
3158503047	1195049314
3158566860	1195049314
3158586942	1195049314
3158719092	1195049314
3158722772	1195049314
3158770422	1195049314
3158930587	1195049314
3159043530	1195049314
3159083967	1195049314
3159092672	1195049314
3159109890	1195049314
3159139948	1195049314
3159168502	1195049314
3159196814	1195049314
3159241261	1195049314
3159247330	1195049314
3159259866	1195049314
3159463648	1195049314
3159496932	1195049314
3159527202	1195049314
3159617568	1195049314
3159618780	1195049314
3159628598	1195049314
3159646667	1195049314
3159661420	1195049314
3159758752	1195049314
3159776849	1195049314
3160068912	1195049314
3160084571	1195049314
3160111638	1195049314
3160119486	1195049314
3160131775	1195049314
3160197842	1195049314
3160235849	1195049314
3160254719	1195049314
3160262051	1195049314
3160319400	1195049314
3160490230	1195049314
3160518750	1195049314
3160529454	1195049314
3160585341	1195049314
3160642098	1195049314
3160668521	1195049314
3160688528	1195049314
3160699153	1195049314
3160743717	1195049314
3160767812	1195049314
3160843411	1195049314
3160894555	1195049314
3161018459	1195049314
3161062299	1195049314
3161184306	1195049314
3161304773	1195049314
3161339584	1195049314
3161348243	1195049314
3161385136	1195049314
3161426590	1195049314
3161445574	1195049314
3161539288	1195049314
3161544172	1195049314
3161606744	1195049314
3161631462	1195049314
3161656021	1195049314
3161716614	1195049314
3161746441	1195049314
3161904999	1195049314
3161920559	1195049314
3162004735	1195049314
3162141509	1195049314
3162303469	1195049314
3162440605	1195049314
3162581624	1195049314
3162684722	1195049314
3162777678	1195049314
3162874109	1195049314
3162946903	1195049314
3163026599	1195049314
3163160147	1195049314
3163216406	1195049314
3163235925	1195049314
3163294625	1195049314
3163338680	1195049314
3163350673	1195049314
3163359446	1195049314
3163388539	1195049314
3163483341	1195049314
3163485825	1195049314
3163644817	1195049314
3163682312	1195049314
3163800097	1195049314
3163800362	1195049314
3163810190	1195049314
3163812561	1195049314
3163837940	1195049314
3163916580	1195049314
3164305797	1195049314
3166565637	1195049314
3168355800	1195049314
3169374685	1195049314
3173830558	1195049314
3175028173	1195049314
3176124988	1195049314
3182375387	1195049314
3184502676	1195049314
3185192685	1195049314
3188059154	1195049314
3189591014	1195049314
3191839272	1195049314
3193508102	1195049314
3194101659	1195049314
3194295867	1195049314
3194309441	1195049314
3194855941	1195049314
3195026680	1195049314
3195354545	1195049314
3196038764	1195049314
3196972353	1195049314
3198469324	1195049314
3198689810	1195049314
3201187253	1195049314
3201609697	1195049314
3202876222	1195049314
3204997986	1195049314
3206127918	1195049314
3206415754	1195049314
3206717992	1195049314
3207365841	1195049314
3207564644	1195049314
3207980606	1195049314
3208000661	1195049314
3208015420	1195049314
3208058206	1195049314
3208105192	1195049314
3208122091	1195049314
3208143246	1195049314
3208151636	1195049314
3208171103	1195049314
3208202246	1195049314
3208203215	1195049314
3208256308	1195049314
3208299375	1195049314
3208325145	1195049314
3208370233	1195049314
3208386177	1195049314
3208388242	1195049314
3208392111	1195049314
3208402407	1195049314
3208456431	1195049314
3208472527	1195049314
3208530588	1195049314
3208534026	1195049314
3208549837	1195049314
3208630307	1195049314
3208684929	1195049314
3208692952	1195049314
3208713567	1195049314
3208774126	1195049314
3208797682	1195049314
3208817239	1195049314
3208835537	1195049314
3209035293	1195049314
3209042988	1195049314
3209075996	1195049314
3209109434	1195049314
3209156194	1195049314
3209244921	1195049314
3209261421	1195049314
3209289966	1195049314
3209378799	1195049314
3209478414	1195049314
3209484986	1195049314
3209510274	1195049314
3209511718	1195049314
3209525685	1195049314
3209538843	1195049314
3209550268	1195049314
3209606054	1195049314
3209639225	1195049314
3209666571	1195049314
3209718322	1195049314
3209842674	1195049314
3209854872	1195049314
3209932101	1195049314
3209950445	1195049314
3209971250	1195049314
3210078006	1195049314
3210126745	1195049314
3210130011	1195049314
3210135742	1195049314
3210150184	1195049314
3210178559	1195049314
3210226784	1195049314
3210230469	1195049314
3210268827	1195049314
3210296209	1195049314
3210409499	1195049314
3210413306	1195049314
3210414923	1195049314
3210421282	1195049314
3210532264	1195049314
3210560621	1195049314
3210607008	1195049314
3210709352	1195049314
3210728842	1195049314
3210803290	1195049314
3210805708	1195049314
3210908239	1195049314
3210931048	1195049314
3211152374	1195049314
3211186243	1195049314
3211264871	1195049314
3211268080	1195049314
3211272233	1195049314
3211437344	1195049314
3212684452	1195049314
3213672752	1195049314
3214810086	1195049314
3214831121	1195049314
3215302995	1195049314
3215696447	1195049314
3215711408	1195049314
3215993040	1195049314
3216322833	1195049314
3216402413	1195049314
3216512664	1195049314
3216898555	1195049314
3217441280	1195049314
3217642193	1195049314
33098036	1195049314
38656986	1195049314
386899659	1195049314
43143795	1195049314
568584122	1195049314
616575050	1195049314
61740698	1195049314
72090682	1195049314
72165949	1195049314
770362118	1195049314
86270486	1195049314
863349710	1195049314
